idRegistration,componentCode,localityCode,nazev,district,lat,lon
40555,SO2,TOFF,Ostrava-Fifejdy,Ostrava-město,49.83918762207031,18.263689041137695
40557,NO2,TOFF,Ostrava-Fifejdy,Ostrava-město,49.83918762207031,18.263689041137695
40560,NOx,TOFF,Ostrava-Fifejdy,Ostrava-město,49.83918762207031,18.263689041137695
40559,O3,TOFF,Ostrava-Fifejdy,Ostrava-město,49.83918762207031,18.263689041137695
40561,PM10,TOFF,Ostrava-Fifejdy,Ostrava-město,49.83918762207031,18.263689041137695
1648691,INDX,TOFF,Ostrava-Fifejdy,Ostrava-město,49.83918762207031,18.263689041137695
40614,NO2,TFMI,Frýdek-Místek,Frýdek-Místek,49.671791076660156,18.351070404052734
40615,NOx,TFMI,Frýdek-Místek,Frýdek-Místek,49.671791076660156,18.351070404052734
1366118,PM2_5,TFMI,Frýdek-Místek,Frýdek-Místek,49.671791076660156,18.351070404052734
40616,PM10,TFMI,Frýdek-Místek,Frýdek-Místek,49.671791076660156,18.351070404052734
1648892,INDX,TFMI,Frýdek-Místek,Frýdek-Místek,49.671791076660156,18.351070404052734
40851,NO2,SBER,Beroun,Beroun,49.95792770385742,14.058300018310547
40853,NOx,SBER,Beroun,Beroun,49.95792770385742,14.058300018310547
40852,CO,SBER,Beroun,Beroun,49.95792770385742,14.058300018310547
40848,PM2_5,SBER,Beroun,Beroun,49.95792770385742,14.058300018310547
40854,PM10,SBER,Beroun,Beroun,49.95792770385742,14.058300018310547
1648793,INDX,SBER,Beroun,Beroun,49.95792770385742,14.058300018310547
40878,O3,TTRO,Třinec-Kosmos,Frýdek-Místek,49.668113708496094,18.677799224853516
40885,PM2_5,TTRO,Třinec-Kosmos,Frýdek-Místek,49.668113708496094,18.677799224853516
40880,PM10,TTRO,Třinec-Kosmos,Frýdek-Místek,49.668113708496094,18.677799224853516
1649030,INDX,TTRO,Třinec-Kosmos,Frýdek-Místek,49.668113708496094,18.677799224853516
41028,NO2,SMBO,Mladá Boleslav,Mladá Boleslav,50.428646087646484,14.913859367370605
41029,NOx,SMBO,Mladá Boleslav,Mladá Boleslav,50.428646087646484,14.913859367370605
41037,O3,SMBO,Mladá Boleslav,Mladá Boleslav,50.428646087646484,14.913859367370605
1283298,PM2_5,SMBO,Mladá Boleslav,Mladá Boleslav,50.428646087646484,14.913859367370605
41030,PM10,SMBO,Mladá Boleslav,Mladá Boleslav,50.428646087646484,14.913859367370605
1648958,INDX,SMBO,Mladá Boleslav,Mladá Boleslav,50.428646087646484,14.913859367370605
41090,SO2,EPAU,Pardubice Dukla,Pardubice,50.0240364074707,15.763548851013184
41093,O3,EPAU,Pardubice Dukla,Pardubice,50.0240364074707,15.763548851013184
41101,PM2_5,EPAU,Pardubice Dukla,Pardubice,50.0240364074707,15.763548851013184
41095,PM10,EPAU,Pardubice Dukla,Pardubice,50.0240364074707,15.763548851013184
1648634,INDX,EPAU,Pardubice Dukla,Pardubice,50.0240364074707,15.763548851013184
188512,SO2,ULOM,Lom,Most,50.58576583862305,13.673418045043945
188518,NO2,ULOM,Lom,Most,50.58576583862305,13.673418045043945
188521,NOx,ULOM,Lom,Most,50.58576583862305,13.673418045043945
188524,O3,ULOM,Lom,Most,50.58576583862305,13.673418045043945
1337363,PM2_5,ULOM,Lom,Most,50.58576583862305,13.673418045043945
188527,PM10,ULOM,Lom,Most,50.58576583862305,13.673418045043945
1648430,INDX,ULOM,Lom,Most,50.58576583862305,13.673418045043945
783575,NO2,AREP,Praha 1-n. Republiky,Praha 1,50.08806610107422,14.429220199584961
783579,NOx,AREP,Praha 1-n. Republiky,Praha 1,50.08806610107422,14.429220199584961
783591,PM10,AREP,Praha 1-n. Republiky,Praha 1,50.08806610107422,14.429220199584961
1648334,INDX,AREP,Praha 1-n. Republiky,Praha 1,50.08806610107422,14.429220199584961
1379571,PM2_5,MBEL,Bělotín,Přerov,49.58708190917969,17.80422019958496
1379567,PM10,MBEL,Bělotín,Přerov,49.58708190917969,17.80422019958496
1648706,INDX,MBEL,Bělotín,Přerov,49.58708190917969,17.80422019958496
1659405,PM2_5,LUHL,Uhelná,Liberec,50.866233825683594,14.902449607849121
1659400,PM10,LUHL,Uhelná,Liberec,50.866233825683594,14.902449607849121
2140479,SO2,TLHO,Lysá hora,Frýdek-Místek,49.54609298706055,18.447389602661133
2140455,NO2,TLHO,Lysá hora,Frýdek-Místek,49.54609298706055,18.447389602661133
2140459,NOx,TLHO,Lysá hora,Frýdek-Místek,49.54609298706055,18.447389602661133
2140463,O3,TLHO,Lysá hora,Frýdek-Místek,49.54609298706055,18.447389602661133
2187315,PM2_5,TLHO,Lysá hora,Frýdek-Místek,49.54609298706055,18.447389602661133
2187304,PM10,TLHO,Lysá hora,Frýdek-Místek,49.54609298706055,18.447389602661133
40630,SO2,TKAR,Karviná,Karviná,49.86379623413086,18.55145263671875
40632,NO2,TKAR,Karviná,Karviná,49.86379623413086,18.55145263671875
40634,NOx,TKAR,Karviná,Karviná,49.86379623413086,18.55145263671875
1366434,PM2_5,TKAR,Karviná,Karviná,49.86379623413086,18.55145263671875
40635,PM10,TKAR,Karviná,Karviná,49.86379623413086,18.55145263671875
1648694,INDX,TKAR,Karviná,Karviná,49.86379623413086,18.55145263671875
40693,SO2,MJES,Jeseník-lázně,Jeseník,50.24224090576172,17.1901798248291
40695,NO2,MJES,Jeseník-lázně,Jeseník,50.24224090576172,17.1901798248291
40697,NOx,MJES,Jeseník-lázně,Jeseník,50.24224090576172,17.1901798248291
40696,O3,MJES,Jeseník-lázně,Jeseník,50.24224090576172,17.1901798248291
40698,PM10,MJES,Jeseník-lázně,Jeseník,50.24224090576172,17.1901798248291
1648943,INDX,MJES,Jeseník-lázně,Jeseník,50.24224090576172,17.1901798248291
41157,NO2,ALEG,Praha 2-Legerova (hot spot),Praha 2,50.0723876953125,14.430672645568848
41156,NOx,ALEG,Praha 2-Legerova (hot spot),Praha 2,50.0723876953125,14.430672645568848
41158,CO,ALEG,Praha 2-Legerova (hot spot),Praha 2,50.0723876953125,14.430672645568848
867419,PM2_5,ALEG,Praha 2-Legerova (hot spot),Praha 2,50.0723876953125,14.430672645568848
867416,PM10,ALEG,Praha 2-Legerova (hot spot),Praha 2,50.0723876953125,14.430672645568848
1648574,INDX,ALEG,Praha 2-Legerova (hot spot),Praha 2,50.0723876953125,14.430672645568848
41238,NO2,AKAL,Praha 8-Karlín,Praha 8,50.09423828125,14.442049026489258
41237,NOx,AKAL,Praha 8-Karlín,Praha 8,50.09423828125,14.442049026489258
41236,PM10,AKAL,Praha 8-Karlín,Praha 8,50.09423828125,14.442049026489258
1648457,INDX,AKAL,Praha 8-Karlín,Praha 8,50.09423828125,14.442049026489258
41252,NO2,AVYN,Praha 9-Vysočany,Praha 9,50.111080169677734,14.503095626831055
41251,NOx,AVYN,Praha 9-Vysočany,Praha 9,50.111080169677734,14.503095626831055
41249,O3,AVYN,Praha 9-Vysočany,Praha 9,50.111080169677734,14.503095626831055
41248,PM10,AVYN,Praha 9-Vysočany,Praha 9,50.111080169677734,14.503095626831055
1648370,INDX,AVYN,Praha 9-Vysočany,Praha 9,50.111080169677734,14.503095626831055
188604,NO2,UULD,Ústí n.L.-Všebořická (hot spot),Ústí nad Labem,50.68312454223633,13.997873306274414
188601,NOx,UULD,Ústí n.L.-Všebořická (hot spot),Ústí nad Labem,50.68312454223633,13.997873306274414
496448,CO,UULD,Ústí n.L.-Všebořická (hot spot),Ústí nad Labem,50.68312454223633,13.997873306274414
1366813,PM2_5,UULD,Ústí n.L.-Všebořická (hot spot),Ústí nad Labem,50.68312454223633,13.997873306274414
1366805,PM10,UULD,Ústí n.L.-Všebořická (hot spot),Ústí nad Labem,50.68312454223633,13.997873306274414
1648931,INDX,UULD,Ústí n.L.-Všebořická (hot spot),Ústí nad Labem,50.68312454223633,13.997873306274414
200399,NO2,TOCB,Ostrava-Českobratrská (hot spot),Ostrava-město,49.839847564697266,18.289976119995117
200402,NOx,TOCB,Ostrava-Českobratrská (hot spot),Ostrava-město,49.839847564697266,18.289976119995117
200405,CO,TOCB,Ostrava-Českobratrská (hot spot),Ostrava-město,49.839847564697266,18.289976119995117
1369244,PM2_5,TOCB,Ostrava-Českobratrská (hot spot),Ostrava-město,49.839847564697266,18.289976119995117
1369240,PM10,TOCB,Ostrava-Českobratrská (hot spot),Ostrava-město,49.839847564697266,18.289976119995117
1648985,INDX,TOCB,Ostrava-Českobratrská (hot spot),Ostrava-město,49.839847564697266,18.289976119995117
40279,SO2,ALIB,Praha 4-Libuš,Praha 4,50.00730514526367,14.44593334197998
40281,NO2,ALIB,Praha 4-Libuš,Praha 4,50.00730514526367,14.44593334197998
40284,NOx,ALIB,Praha 4-Libuš,Praha 4,50.00730514526367,14.44593334197998
40282,CO,ALIB,Praha 4-Libuš,Praha 4,50.00730514526367,14.44593334197998
40283,O3,ALIB,Praha 4-Libuš,Praha 4,50.00730514526367,14.44593334197998
40288,PM2_5,ALIB,Praha 4-Libuš,Praha 4,50.00730514526367,14.44593334197998
40285,PM10,ALIB,Praha 4-Libuš,Praha 4,50.00730514526367,14.44593334197998
1648376,INDX,ALIB,Praha 4-Libuš,Praha 4,50.00730514526367,14.44593334197998
1636281,SO2,HPLO,Polom,Rychnov nad Kněžnou,50.350563049316406,16.32272720336914
1101832,NO2,HPLO,Polom,Rychnov nad Kněžnou,50.350563049316406,16.32272720336914
1101836,NOx,HPLO,Polom,Rychnov nad Kněžnou,50.350563049316406,16.32272720336914
1101840,O3,HPLO,Polom,Rychnov nad Kněžnou,50.350563049316406,16.32272720336914
1101844,PM10,HPLO,Polom,Rychnov nad Kněžnou,50.350563049316406,16.32272720336914
1648664,INDX,HPLO,Polom,Rychnov nad Kněžnou,50.350563049316406,16.32272720336914
1367303,SO2,LFRT,Frýdlant,Liberec,50.940650939941406,15.069816589355469
1367307,O3,LFRT,Frýdlant,Liberec,50.940650939941406,15.069816589355469
1648517,INDX,LFRT,Frýdlant,Liberec,50.940650939941406,15.069816589355469
1022058,SO2,TOPO,Ostrava-Poruba ČHMÚ,Ostrava-město,49.825294494628906,18.15927505493164
1022070,NO2,TOPO,Ostrava-Poruba ČHMÚ,Ostrava-město,49.825294494628906,18.15927505493164
1022074,NOx,TOPO,Ostrava-Poruba ČHMÚ,Ostrava-město,49.825294494628906,18.15927505493164
1845613,PM2_5,TOPO,Ostrava-Poruba ČHMÚ,Ostrava-město,49.825294494628906,18.15927505493164
1555918,PM10,TOPO,Ostrava-Poruba ČHMÚ,Ostrava-město,49.825294494628906,18.15927505493164
1648568,INDX,TOPO,Ostrava-Poruba ČHMÚ,Ostrava-město,49.825294494628906,18.15927505493164
1366482,SO2,UDOK,Doksany,Litoměřice,50.45885467529297,14.170162200927734
1366490,NO2,UDOK,Doksany,Litoměřice,50.45885467529297,14.170162200927734
1366494,NOx,UDOK,Doksany,Litoměřice,50.45885467529297,14.170162200927734
1366498,O3,UDOK,Doksany,Litoměřice,50.45885467529297,14.170162200927734
1648898,INDX,UDOK,Doksany,Litoměřice,50.45885467529297,14.170162200927734
1730632,PM2_5,LHVI,Horní Vítkov,Liberec,50.856048583984375,14.964162826538086
1730640,PM10,LHVI,Horní Vítkov,Liberec,50.856048583984375,14.964162826538086
40736,SO2,CCBD,České Budějovice,České Budějovice,48.9843864440918,14.465683937072754
40738,NO2,CCBD,České Budějovice,České Budějovice,48.9843864440918,14.465683937072754
40741,NOx,CCBD,České Budějovice,České Budějovice,48.9843864440918,14.465683937072754
40740,O3,CCBD,České Budějovice,České Budějovice,48.9843864440918,14.465683937072754
40743,PM2_5,CCBD,České Budějovice,České Budějovice,48.9843864440918,14.465683937072754
40742,PM10,CCBD,České Budějovice,České Budějovice,48.9843864440918,14.465683937072754
1649018,INDX,CCBD,České Budějovice,České Budějovice,48.9843864440918,14.465683937072754
2200581,SO2,HKRY,Krkonoše-Rýchory,Trutnov,50.660438537597656,15.850090026855469
40771,O3,HKRY,Krkonoše-Rýchory,Trutnov,50.660438537597656,15.850090026855469
1648610,INDX,HKRY,Krkonoše-Rýchory,Trutnov,50.660438537597656,15.850090026855469
40835,SO2,JKOS,Košetice,Pelhřimov,49.573394775390625,15.080278396606445
40837,NO2,JKOS,Košetice,Pelhřimov,49.573394775390625,15.080278396606445
40840,NOx,JKOS,Košetice,Pelhřimov,49.573394775390625,15.080278396606445
40838,CO,JKOS,Košetice,Pelhřimov,49.573394775390625,15.080278396606445
40839,O3,JKOS,Košetice,Pelhřimov,49.573394775390625,15.080278396606445
867316,PM2_5,JKOS,Košetice,Pelhřimov,49.573394775390625,15.080278396606445
40841,PM10,JKOS,Košetice,Pelhřimov,49.573394775390625,15.080278396606445
1648514,INDX,JKOS,Košetice,Pelhřimov,49.573394775390625,15.080278396606445
40902,NO2,CPRA,Prachatice,Prachatice,49.01608657836914,14.000444412231445
40905,NOx,CPRA,Prachatice,Prachatice,49.01608657836914,14.000444412231445
40904,O3,CPRA,Prachatice,Prachatice,49.01608657836914,14.000444412231445
987035,PM10,CPRA,Prachatice,Prachatice,49.01608657836914,14.000444412231445
1648466,INDX,CPRA,Prachatice,Prachatice,49.01608657836914,14.000444412231445
188652,SO2,USNZ,Sněžník,Děčín,50.78944396972656,14.086798667907715
188661,NO2,USNZ,Sněžník,Děčín,50.78944396972656,14.086798667907715
188658,NOx,USNZ,Sněžník,Děčín,50.78944396972656,14.086798667907715
188667,O3,USNZ,Sněžník,Děčín,50.78944396972656,14.086798667907715
1648424,INDX,USNZ,Sněžník,Děčín,50.78944396972656,14.086798667907715
40331,PM10,UCHM,Chomutov,Chomutov,50.467529296875,13.41269588470459
1648595,INDX,UCHM,Chomutov,Chomutov,50.467529296875,13.41269588470459
1502270,SO2,USTE,Štětí,Litoměřice,50.45415496826172,14.374162673950195
1503270,O3,USTE,Štětí,Litoměřice,50.45415496826172,14.374162673950195
1503284,PM2_5,USTE,Štětí,Litoměřice,50.45415496826172,14.374162673950195
1503280,PM10,USTE,Štětí,Litoměřice,50.45415496826172,14.374162673950195
1648412,INDX,USTE,Štětí,Litoměřice,50.45415496826172,14.374162673950195
1802155,NO2,CTAC,Tábor,Tábor,49.405059814453125,14.684839248657227
1802160,NOx,CTAC,Tábor,Tábor,49.405059814453125,14.684839248657227
1802139,CO,CTAC,Tábor,Tábor,49.405059814453125,14.684839248657227
1802164,O3,CTAC,Tábor,Tábor,49.405059814453125,14.684839248657227
1802168,PM10,CTAC,Tábor,Tábor,49.405059814453125,14.684839248657227
1802207,INDX,CTAC,Tábor,Tábor,49.405059814453125,14.684839248657227
2053564,SO2,BKUR,Kuřim,Brno-venkov,49.298221588134766,16.538450241088867
2053504,NO2,BKUR,Kuřim,Brno-venkov,49.298221588134766,16.538450241088867
2053515,NOx,BKUR,Kuřim,Brno-venkov,49.298221588134766,16.538450241088867
2053466,CO,BKUR,Kuřim,Brno-venkov,49.298221588134766,16.538450241088867
2053536,PM2_5,BKUR,Kuřim,Brno-venkov,49.298221588134766,16.538450241088867
2053526,PM10,BKUR,Kuřim,Brno-venkov,49.298221588134766,16.538450241088867
40507,O3,LSOU,Souš,Jablonec nad Nisou,50.78964614868164,15.319683074951172
1648964,INDX,LSOU,Souš,Jablonec nad Nisou,50.78964614868164,15.319683074951172
40604,SO2,TCTN,Český Těšín,Karviná,49.748958587646484,18.609725952148438
40606,NO2,TCTN,Český Těšín,Karviná,49.748958587646484,18.609725952148438
40607,NOx,TCTN,Český Těšín,Karviná,49.748958587646484,18.609725952148438
1365749,PM2_5,TCTN,Český Těšín,Karviná,49.748958587646484,18.609725952148438
40608,PM10,TCTN,Český Těšín,Karviná,49.748958587646484,18.609725952148438
1648319,INDX,TCTN,Český Těšín,Karviná,49.748958587646484,18.609725952148438
40686,SO2,MPRR,Přerov,Přerov,49.451656341552734,17.454158782958984
40690,O3,MPRR,Přerov,Přerov,49.451656341552734,17.454158782958984
1365769,PM2_5,MPRR,Přerov,Přerov,49.451656341552734,17.454158782958984
40692,PM10,MPRR,Přerov,Přerov,49.451656341552734,17.454158782958984
1648454,INDX,MPRR,Přerov,Přerov,49.451656341552734,17.454158782958984
40712,SO2,CCHU,Churáňov,Prachatice,49.06843566894531,13.614801406860352
40714,NO2,CCHU,Churáňov,Prachatice,49.06843566894531,13.614801406860352
40716,NOx,CCHU,Churáňov,Prachatice,49.06843566894531,13.614801406860352
40715,O3,CCHU,Churáňov,Prachatice,49.06843566894531,13.614801406860352
1648586,INDX,CCHU,Churáňov,Prachatice,49.06843566894531,13.614801406860352
40744,SO2,PPLV,Plzeň-Doubravka,Plzeň-město,49.76861572265625,13.423380851745605
40746,NO2,PPLV,Plzeň-Doubravka,Plzeň-město,49.76861572265625,13.423380851745605
40749,NOx,PPLV,Plzeň-Doubravka,Plzeň-město,49.76861572265625,13.423380851745605
40748,O3,PPLV,Plzeň-Doubravka,Plzeň-město,49.76861572265625,13.423380851745605
1337515,PM2_5,PPLV,Plzeň-Doubravka,Plzeň-město,49.76861572265625,13.423380851745605
40750,PM10,PPLV,Plzeň-Doubravka,Plzeň-město,49.76861572265625,13.423380851745605
1648442,INDX,PPLV,Plzeň-Doubravka,Plzeň-město,49.76861572265625,13.423380851745605
41008,SO2,EPAO,Pardubice-Rosice,Pardubice,50.042198181152344,15.73941421508789
41010,NO2,EPAO,Pardubice-Rosice,Pardubice,50.042198181152344,15.73941421508789
41012,NOx,EPAO,Pardubice-Rosice,Pardubice,50.042198181152344,15.73941421508789
1648736,INDX,EPAO,Pardubice-Rosice,Pardubice,50.042198181152344,15.73941421508789
41043,O3,SKLM,Kladno-střed města,Kladno,50.14385986328125,14.101783752441406
41050,PM2_5,SKLM,Kladno-střed města,Kladno,50.14385986328125,14.101783752441406
41045,PM10,SKLM,Kladno-střed města,Kladno,50.14385986328125,14.101783752441406
1648358,INDX,SKLM,Kladno-střed města,Kladno,50.14385986328125,14.101783752441406
41056,SO2,SKLS,Kladno-Švermov,Kladno,50.16741180419922,14.106047630310059
41058,NO2,SKLS,Kladno-Švermov,Kladno,50.16741180419922,14.106047630310059
41059,NOx,SKLS,Kladno-Švermov,Kladno,50.16741180419922,14.106047630310059
41060,PM10,SKLS,Kladno-Švermov,Kladno,50.16741180419922,14.106047630310059
1649039,INDX,SKLS,Kladno-Švermov,Kladno,50.16741180419922,14.106047630310059
41145,NO2,ZUHR,Uherské Hradiště,Uherské Hradiště,49.06795120239258,17.466848373413086
41144,NOx,ZUHR,Uherské Hradiště,Uherské Hradiště,49.06795120239258,17.466848373413086
1005645,CO,ZUHR,Uherské Hradiště,Uherské Hradiště,49.06795120239258,17.466848373413086
41146,PM10,ZUHR,Uherské Hradiště,Uherské Hradiště,49.06795120239258,17.466848373413086
1648937,INDX,ZUHR,Uherské Hradiště,Uherské Hradiště,49.06795120239258,17.466848373413086
41171,O3,CKOC,Kocelovice,Strakonice,49.4672737121582,13.837455749511719
1648835,INDX,CKOC,Kocelovice,Strakonice,49.4672737121582,13.837455749511719
41241,O3,ASTO,Praha 5-Stodůlky,Praha 5,50.0461311340332,14.331413269042969
867319,PM2_5,ASTO,Praha 5-Stodůlky,Praha 5,50.0461311340332,14.331413269042969
41242,PM10,ASTO,Praha 5-Stodůlky,Praha 5,50.0461311340332,14.331413269042969
1648355,INDX,ASTO,Praha 5-Stodůlky,Praha 5,50.0461311340332,14.331413269042969
194111,NO2,APRU,Praha 10-Průmyslová,Praha 10,50.06229782104492,14.537819862365723
194114,NOx,APRU,Praha 10-Průmyslová,Praha 10,50.06229782104492,14.537819862365723
194125,PM10,APRU,Praha 10-Průmyslová,Praha 10,50.06229782104492,14.537819862365723
1648970,INDX,APRU,Praha 10-Průmyslová,Praha 10,50.06229782104492,14.537819862365723
40406,SO2,UULK,Ústí n.L.-Kočkov,Ústí nad Labem,50.68352508544922,14.041194915771484
40408,NO2,UULK,Ústí n.L.-Kočkov,Ústí nad Labem,50.68352508544922,14.041194915771484
40411,NOx,UULK,Ústí n.L.-Kočkov,Ústí nad Labem,50.68352508544922,14.041194915771484
40410,O3,UULK,Ústí n.L.-Kočkov,Ústí nad Labem,50.68352508544922,14.041194915771484
40419,PM2_5,UULK,Ústí n.L.-Kočkov,Ústí nad Labem,50.68352508544922,14.041194915771484
40412,PM10,UULK,Ústí n.L.-Kočkov,Ústí nad Labem,50.68352508544922,14.041194915771484
1648856,INDX,UULK,Ústí n.L.-Kočkov,Ústí nad Labem,50.68352508544922,14.041194915771484
1369845,NO2,EMTP,Moravská Třebová - Piaristická.,Svitavy,49.758995056152344,16.66672134399414
1369849,NOx,EMTP,Moravská Třebová - Piaristická.,Svitavy,49.758995056152344,16.66672134399414
1369857,PM2_5,EMTP,Moravská Třebová - Piaristická.,Svitavy,49.758995056152344,16.66672134399414
1369853,PM10,EMTP,Moravská Třebová - Piaristická.,Svitavy,49.758995056152344,16.66672134399414
1648385,INDX,EMTP,Moravská Třebová - Piaristická.,Svitavy,49.758995056152344,16.66672134399414
1193925,NO2,BBDN,Brno-Dětská nemocnice,Brno-město,49.20272445678711,16.616287231445312
1193929,NOx,BBDN,Brno-Dětská nemocnice,Brno-město,49.20272445678711,16.616287231445312
1193933,O3,BBDN,Brno-Dětská nemocnice,Brno-město,49.20272445678711,16.616287231445312
1316708,PM2_5,BBDN,Brno-Dětská nemocnice,Brno-město,49.20272445678711,16.616287231445312
1193937,PM10,BBDN,Brno-Dětská nemocnice,Brno-město,49.20272445678711,16.616287231445312
1648286,INDX,BBDN,Brno-Dětská nemocnice,Brno-město,49.20272445678711,16.616287231445312
1369063,PM2_5,ZVMZ,Valašské Meziříčí,Vsetín,49.4720573425293,17.966976165771484
1369059,PM10,ZVMZ,Valašské Meziříčí,Vsetín,49.4720573425293,17.966976165771484
1648592,INDX,ZVMZ,Valašské Meziříčí,Vsetín,49.4720573425293,17.966976165771484
1456892,NO2,SPBR,Příbram-Březové Hory,Příbram,49.67631530761719,13.991222381591797
1456898,NOx,SPBR,Příbram-Březové Hory,Příbram,49.67631530761719,13.991222381591797
1456903,PM10,SPBR,Příbram-Březové Hory,Příbram,49.67631530761719,13.991222381591797
1648973,INDX,SPBR,Příbram-Březové Hory,Příbram,49.67631530761719,13.991222381591797
1668652,NO2,AHOL,Praha 7-Holešovice,Praha 7,50.10884475708008,14.443650245666504
1668661,NOx,AHOL,Praha 7-Holešovice,Praha 7,50.10884475708008,14.443650245666504
1668670,PM2_5,AHOL,Praha 7-Holešovice,Praha 7,50.10884475708008,14.443650245666504
1668680,PM10,AHOL,Praha 7-Holešovice,Praha 7,50.10884475708008,14.443650245666504
40522,PM10,LCLM,Česká Lípa,Česká Lípa,50.69804382324219,14.537344932556152
1648976,INDX,LCLM,Česká Lípa,Česká Lípa,50.69804382324219,14.537344932556152
40528,SO2,KSOM,Sokolov,Sokolov,50.17282485961914,12.672818183898926
40530,NO2,KSOM,Sokolov,Sokolov,50.17282485961914,12.672818183898926
40533,NOx,KSOM,Sokolov,Sokolov,50.17282485961914,12.672818183898926
40532,O3,KSOM,Sokolov,Sokolov,50.17282485961914,12.672818183898926
40541,PM2_5,KSOM,Sokolov,Sokolov,50.17282485961914,12.672818183898926
40534,PM10,KSOM,Sokolov,Sokolov,50.17282485961914,12.672818183898926
1648763,INDX,KSOM,Sokolov,Sokolov,50.17282485961914,12.672818183898926
40799,O3,JKMY,Kostelní Myslová,Jihlava,49.15915298461914,15.439047813415527
1648928,INDX,JKMY,Kostelní Myslová,Jihlava,49.15915298461914,15.439047813415527
248573,O3,BKUC,Kuchařovice,Znojmo,48.88135528564453,16.085817337036133
1696428,SO2,BKUC,Kuchařovice,Znojmo,48.88135528564453,16.085817337036133
1696401,NO2,BKUC,Kuchařovice,Znojmo,48.88135528564453,16.085817337036133
1696410,NOx,BKUC,Kuchařovice,Znojmo,48.88135528564453,16.085817337036133
1696455,CO,BKUC,Kuchařovice,Znojmo,48.88135528564453,16.085817337036133
1696446,PM2_5,BKUC,Kuchařovice,Znojmo,48.88135528564453,16.085817337036133
1696437,PM10,BKUC,Kuchařovice,Znojmo,48.88135528564453,16.085817337036133
1648463,INDX,BKUC,Kuchařovice,Znojmo,48.88135528564453,16.085817337036133
40815,O3,ZSNV,Štítná n.Vláří,Zlín,49.04781723022461,18.007827758789062
1648295,INDX,ZSNV,Štítná n.Vláří,Zlín,49.04781723022461,18.007827758789062
1696550,O3,JTRE,Třebíč,Třebíč,49.22343826293945,15.865777969360352
41151,PM10,JTRE,Třebíč,Třebíč,49.22343826293945,15.865777969360352
1648571,INDX,JTRE,Třebíč,Třebíč,49.22343826293945,15.865777969360352
41224,SO2,ZZLN,Zlín,Zlín,49.232906341552734,17.66717529296875
41227,NO2,ZZLN,Zlín,Zlín,49.232906341552734,17.66717529296875
41226,NOx,ZZLN,Zlín,Zlín,49.232906341552734,17.66717529296875
199772,O3,ZZLN,Zlín,Zlín,49.232906341552734,17.66717529296875
41229,PM2_5,ZZLN,Zlín,Zlín,49.232906341552734,17.66717529296875
41228,PM10,ZZLN,Zlín,Zlín,49.232906341552734,17.66717529296875
1648838,INDX,ZZLN,Zlín,Zlín,49.232906341552734,17.66717529296875
545110,NO2,BBNV,Brno-Úvoz (hot spot),Brno-město,49.198089599609375,16.593643188476562
545113,NOx,BBNV,Brno-Úvoz (hot spot),Brno-město,49.198089599609375,16.593643188476562
545104,CO,BBNV,Brno-Úvoz (hot spot),Brno-město,49.198089599609375,16.593643188476562
1369782,PM2_5,BBNV,Brno-Úvoz (hot spot),Brno-město,49.198089599609375,16.593643188476562
1369778,PM10,BBNV,Brno-Úvoz (hot spot),Brno-město,49.198089599609375,16.593643188476562
1648403,INDX,BBNV,Brno-Úvoz (hot spot),Brno-město,49.198089599609375,16.593643188476562
40244,O3,HHKO,Hradec Králové-observatoř,Hradec Králové,50.17763137817383,15.838390350341797
1648673,INDX,HHKO,Hradec Králové-observatoř,Hradec Králové,50.17763137817383,15.838390350341797
40308,NO2,AKOB,Praha 8-Kobylisy,Praha 8,50.122188568115234,14.467577934265137
40310,NOx,AKOB,Praha 8-Kobylisy,Praha 8,50.122188568115234,14.467577934265137
40309,O3,AKOB,Praha 8-Kobylisy,Praha 8,50.122188568115234,14.467577934265137
40311,PM10,AKOB,Praha 8-Kobylisy,Praha 8,50.122188568115234,14.467577934265137
1648703,INDX,AKOB,Praha 8-Kobylisy,Praha 8,50.122188568115234,14.467577934265137
1369660,SO2,SROR,Rožďalovice-Ruská,Nymburk,50.30198287963867,15.178302764892578
1369672,NO2,SROR,Rožďalovice-Ruská,Nymburk,50.30198287963867,15.178302764892578
1369676,NOx,SROR,Rožďalovice-Ruská,Nymburk,50.30198287963867,15.178302764892578
1369684,PM2_5,SROR,Rožďalovice-Ruská,Nymburk,50.30198287963867,15.178302764892578
1369680,PM10,SROR,Rožďalovice-Ruská,Nymburk,50.30198287963867,15.178302764892578
1648478,INDX,SROR,Rožďalovice-Ruská,Nymburk,50.30198287963867,15.178302764892578
1369608,PM10,HTRT,Trutnov-Tkalcovská,Trutnov,50.565879821777344,15.903926849365234
1648790,INDX,HTRT,Trutnov-Tkalcovská,Trutnov,50.565879821777344,15.903926849365234
40542,SO2,KPRB,Přebuz,Sokolov,50.37247848510742,12.61538028717041
40544,NO2,KPRB,Přebuz,Sokolov,50.37247848510742,12.61538028717041
40546,NOx,KPRB,Přebuz,Sokolov,50.37247848510742,12.61538028717041
40545,O3,KPRB,Přebuz,Sokolov,50.37247848510742,12.61538028717041
1648895,INDX,KPRB,Přebuz,Sokolov,50.37247848510742,12.61538028717041
1632205,SO2,PPRM,Přimda,Tachov,49.66958236694336,12.677884101867676
1632218,NO2,PPRM,Přimda,Tachov,49.66958236694336,12.677884101867676
1632225,NOx,PPRM,Přimda,Tachov,49.66958236694336,12.677884101867676
40708,O3,PPRM,Přimda,Tachov,49.66958236694336,12.677884101867676
1648955,INDX,PPRM,Přimda,Tachov,49.66958236694336,12.677884101867676
40792,SO2,BBNY,Brno-Tuřany,Brno-město,49.14897155761719,16.696216583251953
40794,NO2,BBNY,Brno-Tuřany,Brno-město,49.14897155761719,16.696216583251953
40796,NOx,BBNY,Brno-Tuřany,Brno-město,49.14897155761719,16.696216583251953
40795,O3,BBNY,Brno-Tuřany,Brno-město,49.14897155761719,16.696216583251953
40798,PM2_5,BBNY,Brno-Tuřany,Brno-město,49.14897155761719,16.696216583251953
40797,PM10,BBNY,Brno-Tuřany,Brno-město,49.14897155761719,16.696216583251953
1648361,INDX,BBNY,Brno-Tuřany,Brno-město,49.14897155761719,16.696216583251953
41181,NO2,HHKB,Hradec Králové-Brněnská,Hradec Králové,50.19536209106445,15.846376419067383
41182,NOx,HHKB,Hradec Králové-Brněnská,Hradec Králové,50.19536209106445,15.846376419067383
41172,CO,HHKB,Hradec Králové-Brněnská,Hradec Králové,50.19536209106445,15.846376419067383
41179,PM2_5,HHKB,Hradec Králové-Brněnská,Hradec Králové,50.19536209106445,15.846376419067383
41180,PM10,HHKB,Hradec Králové-Brněnská,Hradec Králové,50.19536209106445,15.846376419067383
1648619,INDX,HHKB,Hradec Králové-Brněnská,Hradec Králové,50.19536209106445,15.846376419067383
40238,O3,ASUC,Praha 6-Suchdol,Praha 6,50.126529693603516,14.384638786315918
40237,PM10,ASUC,Praha 6-Suchdol,Praha 6,50.126529693603516,14.384638786315918
1648379,INDX,ASUC,Praha 6-Suchdol,Praha 6,50.126529693603516,14.384638786315918
1022029,NO2,TCER,Červená hora,Opava,49.77714157104492,17.541946411132812
1022033,NOx,TCER,Červená hora,Opava,49.77714157104492,17.541946411132812
151340,O3,TCER,Červená hora,Opava,49.77714157104492,17.541946411132812
1648997,INDX,TCER,Červená hora,Opava,49.77714157104492,17.541946411132812
212831,NO2,UULM,Ústí n.L.-město,Ústí nad Labem,50.661094665527344,14.043063163757324
212828,NOx,UULM,Ústí n.L.-město,Ústí nad Labem,50.661094665527344,14.043063163757324
212840,PM10,UULM,Ústí n.L.-město,Ústí nad Labem,50.661094665527344,14.043063163757324
1649021,INDX,UULM,Ústí n.L.-město,Ústí nad Labem,50.661094665527344,14.043063163757324
765865,SO2,UTPM,Teplice ,Teplice,50.64527893066406,13.851249694824219
765847,O3,UTPM,Teplice ,Teplice,50.64527893066406,13.851249694824219
765861,PM2_5,UTPM,Teplice ,Teplice,50.64527893066406,13.851249694824219
765857,PM10,UTPM,Teplice ,Teplice,50.64527893066406,13.851249694824219
1648391,INDX,UTPM,Teplice ,Teplice,50.64527893066406,13.851249694824219
40338,SO2,UTUS,Tušimice,Chomutov,50.3765869140625,13.327622413635254
40340,NO2,UTUS,Tušimice,Chomutov,50.3765869140625,13.327622413635254
40342,NOx,UTUS,Tušimice,Chomutov,50.3765869140625,13.327622413635254
40341,O3,UTUS,Tušimice,Chomutov,50.3765869140625,13.327622413635254
1337378,PM2_5,UTUS,Tušimice,Chomutov,50.3765869140625,13.327622413635254
40343,PM10,UTUS,Tušimice,Chomutov,50.3765869140625,13.327622413635254
1648862,INDX,UTUS,Tušimice,Chomutov,50.3765869140625,13.327622413635254
10221,SO2,UMOM,Most,Most,50.5103645324707,13.645272254943848
40352,NO2,UMOM,Most,Most,50.5103645324707,13.645272254943848
40355,NOx,UMOM,Most,Most,50.5103645324707,13.645272254943848
40354,O3,UMOM,Most,Most,50.5103645324707,13.645272254943848
40369,PM2_5,UMOM,Most,Most,50.5103645324707,13.645272254943848
40356,PM10,UMOM,Most,Most,50.5103645324707,13.645272254943848
1648760,INDX,UMOM,Most,Most,50.5103645324707,13.645272254943848
1369004,SO2,ZTNV,Těšnovice,Kroměříž,49.25939178466797,17.410560607910156
1369012,NO2,ZTNV,Těšnovice,Kroměříž,49.25939178466797,17.410560607910156
1369016,NOx,ZTNV,Těšnovice,Kroměříž,49.25939178466797,17.410560607910156
1369020,O3,ZTNV,Těšnovice,Kroměříž,49.25939178466797,17.410560607910156
1368996,PM2_5,ZTNV,Těšnovice,Kroměříž,49.25939178466797,17.410560607910156
1368992,PM10,ZTNV,Těšnovice,Kroměříž,49.25939178466797,17.410560607910156
1648316,INDX,ZTNV,Těšnovice,Kroměříž,49.25939178466797,17.410560607910156
1367168,SO2,LLIL,Liberec-Rochlice,Liberec,50.75510025024414,15.069967269897461
1367180,NO2,LLIL,Liberec-Rochlice,Liberec,50.75510025024414,15.069967269897461
1367184,NOx,LLIL,Liberec-Rochlice,Liberec,50.75510025024414,15.069967269897461
1367188,O3,LLIL,Liberec-Rochlice,Liberec,50.75510025024414,15.069967269897461
1367196,PM2_5,LLIL,Liberec-Rochlice,Liberec,50.75510025024414,15.069967269897461
1367192,PM10,LLIL,Liberec-Rochlice,Liberec,50.75510025024414,15.069967269897461
1648820,INDX,LLIL,Liberec-Rochlice,Liberec,50.75510025024414,15.069967269897461
2180947,SO2,PPLX,Plzeň-Slovany,Plzeň-město,49.732444763183594,13.402313232421875
2180919,NO2,PPLX,Plzeň-Slovany,Plzeň-město,49.732444763183594,13.402313232421875
2180923,NOx,PPLX,Plzeň-Slovany,Plzeň-město,49.732444763183594,13.402313232421875
2180883,CO,PPLX,Plzeň-Slovany,Plzeň-město,49.732444763183594,13.402313232421875
2181056,O3,PPLX,Plzeň-Slovany,Plzeň-město,49.732444763183594,13.402313232421875
2180935,O3,PPLX,Plzeň-Slovany,Plzeň-město,49.732444763183594,13.402313232421875
2180943,PM2_5,PPLX,Plzeň-Slovany,Plzeň-město,49.732444763183594,13.402313232421875
2180939,PM10,PPLX,Plzeň-Slovany,Plzeň-město,49.732444763183594,13.402313232421875
2209091,SO2,PPLX,Plzeň-Slovany,Plzeň-město,49.732444763183594,13.402313232421875
2181003,NO2,PPLX,Plzeň-Slovany,Plzeň-město,49.732444763183594,13.402313232421875
2181012,NOx,PPLX,Plzeň-Slovany,Plzeň-město,49.732444763183594,13.402313232421875
2181052,CO,PPLX,Plzeň-Slovany,Plzeň-město,49.732444763183594,13.402313232421875
2181020,PM2_5,PPLX,Plzeň-Slovany,Plzeň-město,49.732444763183594,13.402313232421875
2181016,PM10,PPLX,Plzeň-Slovany,Plzeň-město,49.732444763183594,13.402313232421875
1508645,NO2,SKHO,Kutná Hora-Orebitská,Kutná Hora,49.95047378540039,15.260360717773438
1508652,NOx,SKHO,Kutná Hora-Orebitská,Kutná Hora,49.95047378540039,15.260360717773438
1508667,PM2_5,SKHO,Kutná Hora-Orebitská,Kutná Hora,49.95047378540039,15.260360717773438
1508659,PM10,SKHO,Kutná Hora-Orebitská,Kutná Hora,49.95047378540039,15.260360717773438
1648451,INDX,SKHO,Kutná Hora-Orebitská,Kutná Hora,49.95047378540039,15.260360717773438
40448,NO2,UDCM,Děčín,Děčín,50.77415084838867,14.218793869018555
40450,NOx,UDCM,Děčín,Děčín,50.77415084838867,14.218793869018555
1337358,PM2_5,UDCM,Děčín,Děčín,50.77415084838867,14.218793869018555
40451,PM10,UDCM,Děčín,Děčín,50.77415084838867,14.218793869018555
1648646,INDX,UDCM,Děčín,Děčín,50.77415084838867,14.218793869018555
1366443,PM2_5,THAR,Havířov,Karviná,49.790977478027344,18.406835556030273
40626,PM10,THAR,Havířov,Karviná,49.790977478027344,18.406835556030273
1648373,INDX,THAR,Havířov,Karviná,49.790977478027344,18.406835556030273
40658,SO2,TSTD,Studénka,Nový Jičín,49.7209358215332,18.089305877685547
40660,NO2,TSTD,Studénka,Nový Jičín,49.7209358215332,18.089305877685547
40662,NOx,TSTD,Studénka,Nový Jičín,49.7209358215332,18.089305877685547
1505800,CO,TSTD,Studénka,Nový Jičín,49.7209358215332,18.089305877685547
40661,O3,TSTD,Studénka,Nový Jičín,49.7209358215332,18.089305877685547
867884,PM2_5,TSTD,Studénka,Nový Jičín,49.7209358215332,18.089305877685547
40663,PM10,TSTD,Studénka,Nový Jičín,49.7209358215332,18.089305877685547
1648814,INDX,TSTD,Studénka,Nový Jičín,49.7209358215332,18.089305877685547
40721,O3,CHVO,Hojná Voda,České Budějovice,48.72419738769531,14.723381996154785
1337502,PM10,CHVO,Hojná Voda,České Budějovice,48.72419738769531,14.723381996154785
1648685,INDX,CHVO,Hojná Voda,České Budějovice,48.72419738769531,14.723381996154785
40817,SO2,BMIS,Mikulov-Sedlec,Břeclav,48.79176712036133,16.724496841430664
40819,NO2,BMIS,Mikulov-Sedlec,Břeclav,48.79176712036133,16.724496841430664
40821,NOx,BMIS,Mikulov-Sedlec,Břeclav,48.79176712036133,16.724496841430664
40820,O3,BMIS,Mikulov-Sedlec,Břeclav,48.79176712036133,16.724496841430664
849536,PM2_5,BMIS,Mikulov-Sedlec,Břeclav,48.79176712036133,16.724496841430664
40822,PM10,BMIS,Mikulov-Sedlec,Břeclav,48.79176712036133,16.724496841430664
1648325,INDX,BMIS,Mikulov-Sedlec,Břeclav,48.79176712036133,16.724496841430664
40918,O3,URVH,Rudolice v Horách,Most,50.579833984375,13.419506072998047
40920,PM10,URVH,Rudolice v Horách,Most,50.579833984375,13.419506072998047
1648502,INDX,URVH,Rudolice v Horách,Most,50.579833984375,13.419506072998047
40992,SO2,TOPR,Ostrava-Přívoz,Ostrava-město,49.856258392333984,18.26974105834961
40994,NO2,TOPR,Ostrava-Přívoz,Ostrava-město,49.856258392333984,18.26974105834961
40996,NOx,TOPR,Ostrava-Přívoz,Ostrava-město,49.856258392333984,18.26974105834961
41007,PM2_5,TOPR,Ostrava-Přívoz,Ostrava-město,49.856258392333984,18.26974105834961
40997,PM10,TOPR,Ostrava-Přívoz,Ostrava-město,49.856258392333984,18.26974105834961
1648700,INDX,TOPR,Ostrava-Přívoz,Ostrava-město,49.856258392333984,18.26974105834961
40257,SO2,ARIE,Praha 2-Riegrovy sady,Praha 2,50.08148193359375,14.442691802978516
40259,NO2,ARIE,Praha 2-Riegrovy sady,Praha 2,50.08148193359375,14.442691802978516
40260,NOx,ARIE,Praha 2-Riegrovy sady,Praha 2,50.08148193359375,14.442691802978516
848786,O3,ARIE,Praha 2-Riegrovy sady,Praha 2,50.08148193359375,14.442691802978516
867322,PM2_5,ARIE,Praha 2-Riegrovy sady,Praha 2,50.08148193359375,14.442691802978516
40261,PM10,ARIE,Praha 2-Riegrovy sady,Praha 2,50.08148193359375,14.442691802978516
1648829,INDX,ARIE,Praha 2-Riegrovy sady,Praha 2,50.08148193359375,14.442691802978516
1635658,NO2,AVRS,Praha 10-Vršovice,Praha 10,50.066429138183594,14.446151733398438
1635663,NOx,AVRS,Praha 10-Vršovice,Praha 10,50.066429138183594,14.446151733398438
40316,PM10,AVRS,Praha 10-Vršovice,Praha 10,50.066429138183594,14.446151733398438
1648598,INDX,AVRS,Praha 10-Vršovice,Praha 10,50.066429138183594,14.446151733398438
919418,NO2,MOLJ,Olomouc-Hejčín,Olomouc,49.601463317871094,17.238073348999023
919422,NOx,MOLJ,Olomouc-Hejčín,Olomouc,49.601463317871094,17.238073348999023
1675257,O3,MOLJ,Olomouc-Hejčín,Olomouc,49.601463317871094,17.238073348999023
919426,PM2_5,MOLJ,Olomouc-Hejčín,Olomouc,49.601463317871094,17.238073348999023
919430,PM10,MOLJ,Olomouc-Hejčín,Olomouc,49.601463317871094,17.238073348999023
1648352,INDX,MOLJ,Olomouc-Hejčín,Olomouc,49.601463317871094,17.238073348999023
1368852,PM2_5,BBNI,Brno-Líšeň,Brno-město,49.21321105957031,16.678024291992188
1368848,PM10,BBNI,Brno-Líšeň,Brno-město,49.21321105957031,16.678024291992188
1648616,INDX,BBNI,Brno-Líšeň,Brno-město,49.21321105957031,16.678024291992188
1317399,NO2,ABRE,Praha 6-Břevnov,Praha 6,50.08438491821289,14.38011646270752
1317403,NOx,ABRE,Praha 6-Břevnov,Praha 6,50.08438491821289,14.38011646270752
1317407,PM10,ABRE,Praha 6-Břevnov,Praha 6,50.08438491821289,14.38011646270752
1648433,INDX,ABRE,Praha 6-Břevnov,Praha 6,50.08438491821289,14.38011646270752
2105558,PM2_5,XHUS,Hustopeče nad Bečvou-školka,neurčeno,49.531837463378906,17.873207092285156
2105547,PM10,XHUS,Hustopeče nad Bečvou-školka,neurčeno,49.531837463378906,17.873207092285156
2181609,SO2,PPLL,Plzeň-Lochotín,Plzeň-město,49.77024841308594,13.368221282958984
2181589,NO2,PPLL,Plzeň-Lochotín,Plzeň-město,49.77024841308594,13.368221282958984
2181585,NOx,PPLL,Plzeň-Lochotín,Plzeň-město,49.77024841308594,13.368221282958984
2212084,O3,PPLL,Plzeň-Lochotín,Plzeň-město,49.77024841308594,13.368221282958984
2181593,O3,PPLL,Plzeň-Lochotín,Plzeň-město,49.77024841308594,13.368221282958984
2181605,PM2_5,PPLL,Plzeň-Lochotín,Plzeň-město,49.77024841308594,13.368221282958984
2181601,PM10,PPLL,Plzeň-Lochotín,Plzeň-město,49.77024841308594,13.368221282958984
2212028,SO2,PPLL,Plzeň-Lochotín,Plzeň-město,49.77024841308594,13.368221282958984
2212039,NO2,PPLL,Plzeň-Lochotín,Plzeň-město,49.77024841308594,13.368221282958984
2212051,NOx,PPLL,Plzeň-Lochotín,Plzeň-město,49.77024841308594,13.368221282958984
2212073,PM2_5,PPLL,Plzeň-Lochotín,Plzeň-město,49.77024841308594,13.368221282958984
2212062,PM10,PPLL,Plzeň-Lochotín,Plzeň-město,49.77024841308594,13.368221282958984
40649,SO2,TVER,Věřňovice-Dolní Lutyně,Karviná,49.924678802490234,18.42287254333496
40651,NO2,TVER,Věřňovice-Dolní Lutyně,Karviná,49.924678802490234,18.42287254333496
40652,NOx,TVER,Věřňovice-Dolní Lutyně,Karviná,49.924678802490234,18.42287254333496
40657,PM2_5,TVER,Věřňovice-Dolní Lutyně,Karviná,49.924678802490234,18.42287254333496
40653,PM10,TVER,Věřňovice-Dolní Lutyně,Karviná,49.924678802490234,18.42287254333496
1648409,INDX,TVER,Věřňovice-Dolní Lutyně,Karviná,49.924678802490234,18.42287254333496
40764,O3,SONR,Ondřejov,Praha-východ,49.91351318359375,14.782625198364258
1648511,INDX,SONR,Ondřejov,Praha-východ,49.91351318359375,14.782625198364258
40805,PM10,MPST,Prostějov,Prostějov,49.467857360839844,17.11472511291504
1648907,INDX,MPST,Prostějov,Prostějov,49.467857360839844,17.11472511291504
40845,O3,ESVR,Svratouch,Chrudim,49.735084533691406,16.034196853637695
1648715,INDX,ESVR,Svratouch,Chrudim,49.735084533691406,16.034196853637695
41139,NO2,BZNO,Znojmo,Znojmo,48.84295654296875,16.06012725830078
41140,NOx,BZNO,Znojmo,Znojmo,48.84295654296875,16.06012725830078
849544,PM2_5,BZNO,Znojmo,Znojmo,48.84295654296875,16.06012725830078
41141,PM10,BZNO,Znojmo,Znojmo,48.84295654296875,16.06012725830078
1648520,INDX,BZNO,Znojmo,Znojmo,48.84295654296875,16.06012725830078
1020981,SO2,PKUJ,Kamenný Újezd,Rokycany,49.72200012207031,13.618537902832031
1021177,NO2,PKUJ,Kamenný Újezd,Rokycany,49.72200012207031,13.618537902832031
1021183,NOx,PKUJ,Kamenný Újezd,Rokycany,49.72200012207031,13.618537902832031
1337482,PM2_5,PKUJ,Kamenný Újezd,Rokycany,49.72200012207031,13.618537902832031
1337478,PM10,PKUJ,Kamenný Újezd,Rokycany,49.72200012207031,13.618537902832031
1648781,INDX,PKUJ,Kamenný Újezd,Rokycany,49.72200012207031,13.618537902832031
1379502,SO2,TRYC,Rychvald,Karviná,49.87166976928711,18.377254486083984
1379517,NO2,TRYC,Rychvald,Karviná,49.87166976928711,18.377254486083984
1379522,NOx,TRYC,Rychvald,Karviná,49.87166976928711,18.377254486083984
1379526,PM2_5,TRYC,Rychvald,Karviná,49.87166976928711,18.377254486083984
1379531,PM10,TRYC,Rychvald,Karviná,49.87166976928711,18.377254486083984
1648406,INDX,TRYC,Rychvald,Karviná,49.87166976928711,18.377254486083984
1410468,NO2,ACHO,Praha 4-Chodov,Praha 4,50.03017044067383,14.517450332641602
1410474,NOx,ACHO,Praha 4-Chodov,Praha 4,50.03017044067383,14.517450332641602
1410479,PM10,ACHO,Praha 4-Chodov,Praha 4,50.03017044067383,14.517450332641602
1648733,INDX,ACHO,Praha 4-Chodov,Praha 4,50.03017044067383,14.517450332641602
